Workbook

Sheet 警情数据
A1: 报警时间 | B1: 管辖单位名称 | C1: 所属分局名称 | D1: 警情标注 | E1: 警情地址 | F1: 报警内容
A2: 2026-02-06 23:21:43 | B2: B分局镇安派出所 | C2: B分局 | D2: 盯办 | E2: B区镇安镇星悦酒吧门口 | F2: 报警者称其在上址被多人殴打，其称只认识一人其他不认识，其称其手部腿部头部都有受伤情况，暂时不用120，其称现在其躲起来了，希望尽快到场处理。
A3: 2026-02-06 17:22:10 | B3: C市局shengjiang派出所 | C3: C市公安局 | D3: 盯办 | E3: C市shengjiang榃康村 | F3: 报警人称：其在外地，家里起屋，邻居打了装修工人，工人的手部流血，具体情况报警人也不清楚。
A4: 2026-02-06 12:22:22 | B4: E县局dong'ba派出所 | C4: E县公安局 | D4: 经济纠纷 | E4: E县dong'ba镇申通快递对面 | F4: 报警者称在上址被人用手和脚用还用椅子打，报警人一直哭着，详细情况没有说明一直催促民警尽快到场，请派人处理。
A5: 2026-02-06 10:15:29 | B5: C市局chuanbu派出所 | C5: C市公安局 | D5: 未成年人（受害方）,未成年人（其他） | E5: chuanbu蓝村小学 | F5: 报称：其12岁男孩因挑逗对方狗只，被对方拍了一巴掌面部，无需120，请处理。
A6: 2026-02-04 11:06:39 | B6: C市局taiping派出所 | C6: C市公安局 | E6: Ctaiping太西高田寨六队 | F6: 报警者称其邻居醉酒因土地纠纷打了其老公头部，暂不需要120。
A7: 2026-02-04 07:35:39 | B7: C市局sulong派出所 | C7: C市公安局 | E7: C市二十四米街路口 | F7: 报称：其在上述地址被人打，头流血，不需要120，请处理。
A8: 2026-02-03 16:16:26 | B8: C市局langtang派出所 | C8: C市公安局 | D8: 盯办,未成年人（其他） | E8: Clangtang九座屋寨 | F8: 报警人欧铭城称与黎少奇发生口角后，双方发生肢体冲突，后对方持刀威胁，但是没有外伤，具体情况不详，需要派出所处理。
A9: 2026-02-02 18:40:17 | B9: B分局shicheng派出所 | C9: B分局 | D9: 未成年人（其他） | E9: B区shicheng镇连山脚 | F9: 路过上述地址看见有人打架，老人家叫其报警，头部受伤流血，不需要120，报警求助。
A10: 2026-02-02 00:39:44 | B10: C市局shengjiang派出所 | C10: C市公安局 | E10: Cshengjiang华侨中学西南方向 | F10: 报警称：在上述地址被别人打了，心口和头部受伤，需要救护车。通知C120。没有说明具体情况挂线。
A11: 2026-02-01 22:27:12 | B11: A分局hekou派出所 | C11: A分局 | D11: 盯办 | E11: A区hekou余村鱼生馆 | F11: 报警人称：1月31日凌晨2时左右，其老公钱权伟于堂弟钱水坚喝了酒发生口角纠纷，后钱水坚刺伤钱权伟，伤者当时已经送到云浮市人民医院，现在云浮市人民医院10楼普通外科。
A12: 2026-02-01 21:44:50 | B12: D县局tiantang派出所 | C12: D县公安局 | D12: 工人 | E12: Dtiantang镇犁头岗 | F12: 报警人称在上述地址老板和工人打架，原因不清楚，一人手受伤，已送医院。
A13: 2026-02-01 21:42:01 | B13: C市局shuangdong派出所 | C13: C市公安局 | D13: 盯办 | E13: Cshuangdong罗寨村 | F13: 报警人称在上述地址因债务纠纷，对方打伤其眼角，暂不需要120。
A14: 2026-02-01 21:34:03 | B14: D县局rencun派出所 | C14: D县公安局 | D14: 纠纷已化解 | E14: D县rencun镇芦村高地 | F14: 报警人称：因选票问题发生纠纷被人用凳子打到头部，不需要救护车。
A15: 2026-02-01 20:51:55 | B15: B分局gaocun派出所 | C15: B分局 | E15: Bgaocun镇大磅岭 | F15: 报警人称在上述地址被人打，眼受伤，需要120。
A16: 2026-02-01 18:03:20 | B16: C市局fucheng派出所 | C16: C市公安局 | D16: 盯办 | E16: C市fucheng街道康任 | F16: 报称：不认识人用手打其，其跌倒，无需120。
A17: 2026-02-01 11:00:00 | B17: E县局nanjiangkou派出所 | C17: E县公安局 | D17: 劳资问题 | E17: 广东省云浮市E县nanjiangkou镇顺景路 | F17: 2026年2月1日11时，XXX报警称其在广东省云浮市E县nanjiangkou镇顺景路与XXX因劳资问题发生争执，XXX被自己的刀划伤，无他人伤亡。
A18: 2026-01-31 03:38:28 | B18: A分局tianma派出所 | C18: A分局 | D18: 时间标签 | E18: A吾悦广场未来盒子酒吧 | F18: 事主报称被两三人殴打，没有用工具，不需要120。

Sheet 附件3
A1: 附件3：
A2: 打架斗殴类打击效能情况表
A4: 序号 | B4: 单位 指标 | C4: 刑事治安原始警情 | H4: 警情案件倒挂率
C6: 行动以来 | D6: 去年同期 | E6: 同比（±%） | F6: 环比（±%） | G6: 占比 | H6: 警情 | I6: 案件 | J6: 倒挂率
B7: 全市 | C7: 14 | D7: 11 | E7: 27.27% | F7: -26.32% | H7: 14 | I7: 13 | J7: 92.86%
A8: 1 | B8: A | C8: 1 | D8: 0 | E8: 净增1宗 | F8: -75.00% | G8: 33.33% | H8: 1 | I8: 4 | J8: 400.00%
A9: 2 | B9: B | C9: 2 | D9: 1 | E9: 100.00% | F9: 净增2宗 | G9: 66.67% | H9: 2 | I9: 2 | J9: 100.00%
A10: 3 | B10: C | C10: 7 | D10: 7 | E10: 持平 | F10: -12.50% | G10: 25.00% | H10: 7 | I10: 3 | J10: 42.86%
A11: 4 | B11: D | C11: 2 | D11: 0 | E11: 净增2宗 | F11: -33.33% | G11: 14.29% | H11: 2 | I11: 3 | J11: 150.00%
A12: 5 | B12: E | C12: 2 | D12: 3 | E12: -33.33% | F12: -50.00% | G12: 40.00% | H12: 2 | I12: 1 | J12: 50.00%
A13: 序号 | B13: 单位 指标 | C13: 行政案件
C14: 立案 | H14: 治安拘留人员
C15: 行动以来 | D15: 去年同期 | E15: 同比（±%） | F15: 环比（±%） | G15: 占比 | H15: 行动以来 | I15: 去年同期 | J15: 同比（±%） | K15: 环比（±%） | L15: 占比
B16: 全市 | C16: 12 | D16: 10 | E16: 20.00% | F16: -25.00% | H16: 28 | I16: 6 | J16: 366.67% | K16: 154.55%
A17: 1 | B17: A | C17: 3 | D17: 1 | E17: 200.00% | F17: 50.00% | G17: 25.00% | H17: 6 | I17: 0 | J17: 净增6人 | K17: 净增6人 | L17: 21.43%
A18: 2 | B18: B | C18: 2 | D18: 2 | E18: 持平 | F18: 100.00% | G18: 16.67% | H18: 2 | I18: 0 | J18: 净增2人 | K18: 净增2人 | L18: 7.14%
A19: 3 | B19: C | C19: 3 | D19: 4 | E19: -25.00% | F19: -62.50% | G19: 25.00% | H19: 14 | I19: 1 | J19: 1300.00% | K19: 366.67% | L19: 50.00%
A20: 4 | B20: D | C20: 3 | D20: 1 | E20: 200.00% | F20: 200.00% | G20: 25.00% | H20: 4 | I20: 0 | J20: 净增4人 | K20: 300.00% | L20: 14.29%
A21: 5 | B21: E | C21: 1 | D21: 2 | E21: -50.00% | F21: -75.00% | G21: 8.33% | H21: 2 | I21: 5 | J21: -60.00% | K21: -71.43% | L21: 7.14%
A22: 序号 | B22: 单位 指标 | C22: 刑事案件
C23: 立案 | H23: 刑事拘留人员
C24: 行动以来 | D24: 去年同期 | E24: 同比（±%） | F24: 环比（±%） | G24: 占比 | H24: 行动以来 | I24: 去年同期 | J24: 同比（±%） | K24: 环比（±%） | L24: 占比
B25: 全市 | C25: 1 | D25: 1 | E25: 持平 | F25: 持平 | H25: 1 | I25: 2 | J25: -50.00% | K25: 净增1人
A26: 1 | B26: A | C26: 1 | D26: 1 | E26: 持平 | F26: 净增1宗 | G26: 100.00% | H26: 1 | I26: 0 | J26: 净增1人 | K26: 净增1人 | L26: 100.00%
A27: 2 | B27: B | C27: 0 | D27: 0 | E27: 持平 | F27: 持平 | G27: 0.00% | H27: 0 | I27: 0 | J27: 持平 | K27: 持平 | L27: 0.00%
A28: 3 | B28: C | C28: 0 | D28: 0 | E28: 持平 | F28: 持平 | G28: 0.00% | H28: 0 | I28: 0 | J28: 持平 | K28: 持平 | L28: 0.00%
A29: 4 | B29: D | C29: 0 | D29: 0 | E29: 持平 | F29: -100.00% | G29: 0.00% | H29: 0 | I29: 2 | J29: -100.00% | K29: 持平 | L29: 0.00%
A30: 5 | B30: E | C30: 0 | D30: 0 | E30: 持平 | F30: 持平 | G30: 0.00% | H30: 0 | I30: 0 | J30: 持平 | K30: 持平 | L30: 0.00%
A31: =[1]附件1!A31 -> 数据日期：1月31日15时-2月6日15时
A32: 数据来源：警情数来自警情标准化汇聚分析系统、立案数、拘留数来自警综系统

Sheet 页面
A1: 附件6：
A2: 黄赌打击效能统计表(2026.1.1-2026.2.6)
A3: =[2]底表!A2 -> 案类 | B3: =[2]底表!B2 -> 单位 | C3: 破案（全口径） | J3: 立案（年内） | O3: 破案（年内） | V3: 补立年前案件 | AB3: 破获年前案件 | AM3: 撤案 | AR3: 结案率 | AS3: 结案率 对比 | AT3: 抓获人员 | BB3: 刑拘人员（人） | BL3: 刑拘人员（人次） | BV3: 刑拘入所 | CA3: 取保人员（人） | CF3: 取保人员（人次） | CK3: 逮捕（提捕） | CP3: 逮捕（批捕） | CZ3: 逮捕（实捕） | DE3: 移送起诉人员 | DO3: 移送起诉案件
C4: 数量 （起） | D4: 去年同期 | E4: 同比 | F4: 上期 | G4: 环比 | H4: 破案比 | I4: 破案比 对比 | J4: 数量 （起） | K4: 去年同期 | L4: 同比 | M4: 上期 | N4: 环比 | O4: 数量 （起） | P4: 去年同期 | Q4: 同比 | R4: 上期 | S4: 环比 | T4: 破案率 | U4: 破案率 对比 | V4: 数量 （起） | W4: 去年同期 | X4: 同比 | Y4: 上期 | Z4: 环比 | AA4: 补立案占比 | AB4: 数量 （起） | AC4: 去年同期 | AD4: 同比 | AE4: 上期 | AF4: 环比 | AG4: 上期 | AH4: 环比 | AI4: 案件移诉率1 | AJ4: 案件移诉率1对比 | AK4: 案件移诉率2 | AL4: 案件移诉率2对比 | AM4: 数量 （起） | AN4: 去年同期 | AO4: 同比 | AP4: 上期 | AQ4: 环比 | AT4: 数量 （人） | AU4: 去年同期 | AV4: 同比 | AW4: 上期 | AX4: 环比 | AY4: 百起立案抓获人数（人） | AZ4: 百起立案抓获人数对比 | BA4: 百起立案抓获人数同比 | BB4: 数量 （人） | BC4: 去年同期 | BD4: 同比 | BE4: 上期 | BF4: 环比 | BG4: 刑拘（人）率 | BH4: 刑拘（人）率对比 | BI4: 百起案件刑拘数（人） | BJ4: 百起案件刑拘数（人）对比 | BK4: 百起案件刑拘数（人）同比 | BL4: 数量 （人次） | BM4: 去年同期 | BN4: 同比 | BO4: 上期 | BP4: 环比 | BQ4: 刑拘（人次）率 | BR4: 刑拘（人次）率对比 | BS4: 百起案件刑拘数（人次） | BT4: 百起案件刑拘数（人次）对比 | BU4: 百起案件刑拘数（人次）同比 | BV4: 数量 （人） | BW4: 去年同期 | BX4: 同比 | BY4: 上期 | BZ4: 环比 | CA4: 数量 （人） | CB4: 去年同期 | CC4: 同比 | CD4: 上期 | CE4: 环比 | CF4: 数量 （人次） | CG4: 去年同期 | CH4: 同比 | CI4: 上期 | CJ4: 环比 | CK4: 数量 （人） | CL4: 去年同期 | CM4: 同比 | CN4: 上期 | CO4: 环比 | CP4: 数量 （人） | CQ4: 去年同期 | CR4: 同比 | CS4: 上期 | CT4: 环比 | CU4: 批捕率 | CV4: 批捕率 对比 | CW4: 百起案件批捕数（人） | CX4: 百起案件批捕数对比 | CY4: 百起案件批捕数同比 | CZ4: 数量 （人） | DA4: 去年同期 | DB4: 同比 | DC4: 上期 | DD4: 环比 | DE4: 数量 （人） | DF4: 去年同期 | DG4: 同比 | DH4: 上期 | DI4: 环比 | DJ4: 人员移诉率 | DK4: 人员移诉率对比 | DL4: 百起案件移送起诉人员数（人） | DM4: 百起案件移送起诉人员数对比 | DN4: 百起案件移送起诉人员数同比 | DO4: 数量 （起） | DP4: 去年同期 | DQ4: 同比
A5: 2月28日目标 | B5: 治安 | C5: 18.571429 | D5: 13 | E5: 0.42857143 | BL5: 110 | BM5: 77 | BN5: 0.42857143 | BV5: 110 | BW5: 77 | BX5: 0.42857143 | DE5: 35 | DF5: 31 | DG5: 0.12903226 | DO5: 20 | DP5: 20 | DQ5: 持平
A6: 2月15日目标 | C6: 9.4117647 | D6: 8 | E6: 0.125 | BL6: 80 | BM6: 68 | BN6: 0.17647059 | BV6: 80 | BW6: 66 | BX6: 0.21212121 | DE6: 20 | DF6: 17 | DG6: 0.17647059 | DO6: 18 | DP6: 14 | DQ6: 0.28571429
A7: 2月10日目标 | C7: 9.0566038 | D7: 8 | E7: 0.125 | BL7: 60 | BM7: 53 | BN7: 0.13207547 | BV7: 60 | BW7: 51 | BX7: 0.17647059 | DE7: 17 | DF7: 17 | DG7: 持平 | DO7: 15 | DP7: 14 | DQ7: 0.071428571
A8: 目前进度 （距2月10日目标） | C8: 12 | D8: 完成率 | E8: =C8/D7 -> 1.5 | BL8: 83 | BM8: 完成率 | BN8: =BL8/BM7 -> 1.5660377 | BV8: 65 | BW8: 完成率 | BX8: =BV8/BW7 -> 1.2745098 | DE8: 31 | DF8: 完成率 | DG8: =DE8/DF7 -> 1.8235294 | DO8: 9 | DP8: 完成率 | DQ8: =DO8/DP7 -> 0.64285714
A11: =[2]底表!A11 -> 全量（剔除交通类） | B11: =[2]底表!B11 -> 全省 | C11: =[2]底表!AM11 -> 17762 | D11: =[2]底表!AN11 -> 11374 | E11: =[2]底表!AO11 -> 0.5616 | F11: =[2]底表!AP11 -> 33826 | G11: =[2]底表!AQ11 -> -0.4749 | H11: =[2]底表!AR11 -> 0.6353 | I11: =[2]底表!AS11 -> 0.2594 | J11: =[2]底表!AT11 -> 16419 | ... AF11: =[2]底表!BP11 -> -0.3744 | AG11: =[2]底表!BT11 -> 11212 | AH11: =[2]底表!BU11 -> -0.441 | AI11: =[2]底表!BV11 -> 0.2242 | AJ11: =[2]底表!BW11 -> 0.0659 | AK11: =[2]底表!BX11 -> 0.3817 | AL11: =[2]底表!BY11 -> 0.0338 | AM11: =[2]底表!BZ11 -> 42 | AN11: =[2]底表!CA11 -> 49 | ... BU11: =[2]底表!DH11 -> 1.1524 | BX11: =(BV11-BW11)/BW11 -> #DIV/0! | BY11: =[2]底表!DL11 -> 23027 | BZ11: =[2]底表!DM11 -> 0.1941 | CA11: =[2]底表!DN11 -> 14278 | CB11: =[2]底表!DO11 -> 10174 | CC11: =[2]底表!DP11 -> 0.4034 | CD11: =[2]底表!DQ11 -> 14205 | CE11: =[2]底表!DR11 -> 0.0051 | CF11: =[2]底表!DS11 -> 14292 | ... DN11: =[2]底表!FA11 -> 0.4309 | DO11: =[2]底表!BQ11 -> 6267 | DP11: =[2]底表!BR11 -> 4788 | DQ11: =[2]底表!BS11 -> 0.3089
A12: =[2]底表!A12 -> 全量（剔除交通类） | B12: =[2]底表!B12 -> 云浮 | C12: =[2]底表!AM12 -> 189 | D12: =[2]底表!AN12 -> 115 | E12: =[2]底表!AO12 -> 0.6435 | F12: =[2]底表!AP12 -> 265 | G12: =[2]底表!AQ12 -> -0.2868 | H12: =[2]底表!AR12 -> 0.759 | I12: =[2]底表!AS12 -> 0.2676 | J12: =[2]底表!AT12 -> 124 | ... AF12: =[2]底表!BP12 -> -0.169 | AG12: =[2]底表!BT12 -> 130 | AH12: =[2]底表!BU12 -> -0.6154 | AI12: =[2]底表!BV12 -> 0.2008 | AJ12: =[2]底表!BW12 -> -0.0556 | AK12: =[2]底表!BX12 -> 0.4032 | AL12: =[2]底表!BY12 -> -0.0886 | AM12: =[2]底表!BZ12 -> 0 | AN12: =[2]底表!CA12 -> 0 | ... BU12: =[2]底表!DH12 -> 0.0178 | BX12: =(BV12-BW12)/BW12 -> #DIV/0! | BY12: =[2]底表!DL12 -> 262 | BZ12: =[2]底表!DM12 -> 0.1298 | CA12: =[2]底表!DN12 -> 120 | CB12: =[2]底表!DO12 -> 88 | CC12: =[2]底表!DP12 -> 0.3636 | CD12: =[2]底表!DQ12 -> 118 | CE12: =[2]底表!DR12 -> 0.0169 | CF12: =[2]底表!DS12 -> 120 | ... DN12: =[2]底表!FA12 -> 0.1197 | DO12: =[2]底表!BQ12 -> 50 | DP12: =[2]底表!BR12 -> 60 | DQ12: =[2]底表!BS12 -> -0.1667
A13: =[2]底表!A13 -> 全量（剔除交通类） | B13: =[2]底表!B13 -> 云城区 | C13: =[2]底表!AM13 -> 30 | D13: =[2]底表!AN13 -> 26 | E13: =[2]底表!AO13 -> 0.1538 | F13: =[2]底表!AP13 -> 78 | G13: =[2]底表!AQ13 -> -0.6154 | H13: =[2]底表!AR13 -> 0.625 | I13: =[2]底表!AS13 -> 0.1843 | J13: =[2]底表!AT13 -> 17 | ... AF13: =[2]底表!BP13 -> -0.7119 | AG13: =[2]底表!BT13 -> 34 | AH13: =[2]底表!BU13 -> -0.8824 | AI13: =[2]底表!BV13 -> 0.0833 | AJ13: =[2]底表!BW13 -> -0.137 | AK13: =[2]底表!BX13 -> 0.2353 | AL13: =[2]底表!BY13 -> -0.2647 | AM13: =[2]底表!BZ13 -> 0 | AN13: =[2]底表!CA13 -> 0 | ... BU13: =[2]底表!DH13 -> 0.408 | BX13: =(BV13-BW13)/BW13 -> #DIV/0! | BY13: =[2]底表!DL13 -> 0 | BZ13: =[2]底表!DM13 -> 持平 | CA13: =[2]底表!DN13 -> 17 | CB13: =[2]底表!DO13 -> 3 | CC13: =[2]底表!DP13 -> 4.6667 | CD13: =[2]底表!DQ13 -> 10 | CE13: =[2]底表!DR13 -> 0.7 | CF13: =[2]底表!DS13 -> 17 | ... DN13: =[2]底表!FA13 -> -0.7951 | DO13: =[2]底表!BQ13 -> 4 | DP13: =[2]底表!BR13 -> 13 | DQ13: =[2]底表!BS13 -> -0.6923
A14: =[2]底表!A14 -> 全量（剔除交通类） | B14: =[2]底表!B14 -> 云安区 | C14: =[2]底表!AM14 -> 34 | D14: =[2]底表!AN14 -> 21 | E14: =[2]底表!AO14 -> 0.619 | F14: =[2]底表!AP14 -> 12 | G14: =[2]底表!AQ14 -> 1.8333 | H14: =[2]底表!AR14 -> 1.36 | I14: =[2]底表!AS14 -> -0.04 | J14: =[2]底表!AT14 -> 14 | ... AF14: =[2]底表!BP14 -> 3.75 | AG14: =[2]底表!BT14 -> 12 | AH14: =[2]底表!BU14 -> -0.3333 | AI14: =[2]底表!BV14 -> 0.32 | AJ14: =[2]底表!BW14 -> -0.2133 | AK14: =[2]底表!BX14 -> 0.5714 | AL14: =[2]底表!BY14 -> -0.044 | AM14: =[2]底表!BZ14 -> 0 | AN14: =[2]底表!CA14 -> 0 | ... BU14: =[2]底表!DH14 -> -0.4245 | BX14: =(BV14-BW14)/BW14 -> #DIV/0! | BY14: =[2]底表!DL14 -> 0 | BZ14: =[2]底表!DM14 -> 持平 | CA14: =[2]底表!DN14 -> 19 | CB14: =[2]底表!DO14 -> 17 | CC14: =[2]底表!DP14 -> 0.1176 | CD14: =[2]底表!DQ14 -> 16 | CE14: =[2]底表!DR14 -> 0.1875 | CF14: =[2]底表!DS14 -> 19 | ... DN14: =[2]底表!FA14 -> -0.1273 | DO14: =[2]底表!BQ14 -> 8 | DP14: =[2]底表!BR14 -> 8 | DQ14: =[2]底表!BS14 -> 0
A15: =[2]底表!A15 -> 全量（剔除交通类） | B15: =[2]底表!B15 -> 新兴县 | C15: =[2]底表!AM15 -> 35 | D15: =[2]底表!AN15 -> 20 | E15: =[2]底表!AO15 -> 0.75 | F15: =[2]底表!AP15 -> 65 | G15: =[2]底表!AQ15 -> -0.4615 | H15: =[2]底表!AR15 -> 0.493 | I15: =[2]底表!AS15 -> 0.154 | J15: =[2]底表!AT15 -> 40 | ... AF15: =[2]底表!BP15 -> -0.2333 | AG15: =[2]底表!BT15 -> 23 | AH15: =[2]底表!BU15 -> -0.5652 | AI15: =[2]底表!BV15 -> 0.1408 | AJ15: =[2]底表!BW15 -> -0.1134 | AK15: =[2]底表!BX15 -> 0.25 | AL15: =[2]底表!BY15 -> -0.3056 | AM15: =[2]底表!BZ15 -> 0 | AN15: =[2]底表!CA15 -> 0 | ... BU15: =[2]底表!DH15 -> -0.1009 | BX15: =(BV15-BW15)/BW15 -> #DIV/0! | BY15: =[2]底表!DL15 -> 35 | BZ15: =[2]底表!DM15 -> 0.3143 | CA15: =[2]底表!DN15 -> 21 | CB15: =[2]底表!DO15 -> 11 | CC15: =[2]底表!DP15 -> 0.9091 | CD15: =[2]底表!DQ15 -> 18 | CE15: =[2]底表!DR15 -> 0.1667 | CF15: =[2]底表!DS15 -> 21 | ... DN15: =[2]底表!FA15 -> -0.169 | DO15: =[2]底表!BQ15 -> 10 | DP15: =[2]底表!BR15 -> 15 | DQ15: =[2]底表!BS15 -> -0.3333
A16: =[2]底表!A16 -> 全量（剔除交通类） | B16: =[2]底表!B16 -> 郁南县 | C16: =[2]底表!AM16 -> 30 | D16: =[2]底表!AN16 -> 9 | E16: =[2]底表!AO16 -> 2.3333 | F16: =[2]底表!AP16 -> 13 | G16: =[2]底表!AQ16 -> 1.3077 | H16: =[2]底表!AR16 -> 0.8824 | I16: =[2]底表!AS16 -> 0.5074 | J16: =[2]底表!AT16 -> 23 | ... AF16: =[2]底表!BP16 -> 4.5 | AG16: =[2]底表!BT16 -> 17 | AH16: =[2]底表!BU16 -> -0.7059 | AI16: =[2]底表!BV16 -> 0.1471 | AJ16: =[2]底表!BW16 -> -0.0196 | AK16: =[2]底表!BX16 -> 0.2174 | AL16: =[2]底表!BY16 -> -0.0179 | AM16: =[2]底表!BZ16 -> 0 | AN16: =[2]底表!CA16 -> 0 | ... BU16: =[2]底表!DH16 -> 0.3176 | BX16: =(BV16-BW16)/BW16 -> #DIV/0! | BY16: =[2]底表!DL16 -> 33 | BZ16: =[2]底表!DM16 -> 0.3636 | CA16: =[2]底表!DN16 -> 15 | CB16: =[2]底表!DO16 -> 18 | CC16: =[2]底表!DP16 -> -0.1667 | CD16: =[2]底表!DQ16 -> 16 | CE16: =[2]底表!DR16 -> -0.0625 | CF16: =[2]底表!DS16 -> 15 | ... DN16: =[2]底表!FA16 -> -0.0588 | DO16: =[2]底表!BQ16 -> 5 | DP16: =[2]底表!BR16 -> 4 | DQ16: =[2]底表!BS16 -> 0.25
A17: =[2]底表!A17 -> 全量（剔除交通类） | B17: =[2]底表!B17 -> 罗定市 | C17: =[2]底表!AM17 -> 57 | D17: =[2]底表!AN17 -> 37 | E17: =[2]底表!AO17 -> 0.5405 | F17: =[2]底表!AP17 -> 86 | G17: =[2]底表!AQ17 -> -0.3372 | H17: =[2]底表!AR17 -> 0.8636 | I17: =[2]底表!AS17 -> 0.3636 | J17: =[2]底表!AT17 -> 30 | ... AF17: =[2]底表!BP17 -> 0.0714 | AG17: =[2]底表!BT17 -> 42 | AH17: =[2]底表!BU17 -> -0.5 | AI17: =[2]底表!BV17 -> 0.3182 | AJ17: =[2]底表!BW17 -> 0.0749 | AK17: =[2]底表!BX17 -> 0.7 | AL17: =[2]底表!BY17 -> 0.2263 | AM17: =[2]底表!BZ17 -> 0 | AN17: =[2]底表!CA17 -> 0 | ... BU17: =[2]底表!DH17 -> 0.0719 | BX17: =(BV17-BW17)/BW17 -> #DIV/0! | BY17: =[2]底表!DL17 -> 65 | BZ17: =[2]底表!DM17 -> 0.0769 | CA17: =[2]底表!DN17 -> 20 | CB17: =[2]底表!DO17 -> 38 | CC17: =[2]底表!DP17 -> -0.4737 | CD17: =[2]底表!DQ17 -> 32 | CE17: =[2]底表!DR17 -> -0.375 | CF17: =[2]底表!DS17 -> 20 | ... DN17: =[2]底表!FA17 -> 1.6324 | DO17: =[2]底表!BQ17 -> 21 | DP17: =[2]底表!BR17 -> 18 | DQ17: =[2]底表!BS17 -> 0.1667
A18: =[2]底表!A18 -> 排除诈骗及关联犯罪 | B18: =[2]底表!B18 -> 全省 | C18: =[2]底表!AM18 -> 13309 | D18: =[2]底表!AN18 -> 8762 | E18: =[2]底表!AO18 -> 0.5189 | F18: =[2]底表!AP18 -> 17007 | G18: =[2]底表!AQ18 -> -0.2174 | H18: =[2]底表!AR18 -> 0.8452 | I18: =[2]底表!AS18 -> 0.204 | J18: =[2]底表!AT18 -> 9876 | ... AF18: =[2]底表!BP18 -> 0.9952 | AG18: =[2]底表!BT18 -> 12427 | AH18: =[2]底表!BU18 -> -0.3841 | AI18: =[2]底表!BV18 -> 0.4861 | AJ18: =[2]底表!BW18 -> 0.06 | AK18: =[2]底表!BX18 -> 0.775 | AL18: =[2]底表!BY18 -> 0.0124 | AM18: =[2]底表!BZ18 -> 47 | AN18: =[2]底表!CA18 -> 107 | ... BU18: =[2]底表!DH18 -> 0.68 | BX18: =(BV18-BW18)/BW18 -> #DIV/0! | BY18: =[2]底表!DL18 -> 19794 | BZ18: =[2]底表!DM18 -> 0.1101 | CA18: =[2]底表!DN18 -> 12230 | CB18: =[2]底表!DO18 -> 9062 | CC18: =[2]底表!DP18 -> 0.3496 | CD18: =[2]底表!DQ18 -> 12659 | CE18: =[2]底表!DR18 -> -0.0339 | CF18: =[2]底表!DS18 -> 12244 | ... DN18: =[2]底表!FA18 -> 0.165 | DO18: =[2]底表!BQ18 -> 7654 | DP18: =[2]底表!BR18 -> 5823 | DQ18: =[2]底表!BS18 -> 0.3144
A19: =[2]底表!A19 -> 排除诈骗及关联犯罪 | B19: =[2]底表!B19 -> 云浮 | C19: =[2]底表!AM19 -> 153 | D19: =[2]底表!AN19 -> 94 | E19: =[2]底表!AO19 -> 0.6277 | F19: =[2]底表!AP19 -> 149 | G19: =[2]底表!AQ19 -> 0.0268 | H19: =[2]底表!AR19 -> 0.8315 | I19: =[2]底表!AS19 -> 0.1352 | J19: =[2]底表!AT19 -> 84 | ... AF19: =[2]底表!BP19 -> 2.7727 | AG19: =[2]底表!BT19 -> 158 | AH19: =[2]底表!BU19 -> -0.6772 | AI19: =[2]底表!BV19 -> 0.2772 | AJ19: =[2]底表!BW19 -> -0.308 | AK19: =[2]底表!BX19 -> 0.6071 | AL19: =[2]底表!BY19 -> -0.4462 | AM19: =[2]底表!BZ19 -> 0 | AN19: =[2]底表!CA19 -> 0 | ... BU19: =[2]底表!DH19 -> 0.1797 | BX19: =(BV19-BW19)/BW19 -> #DIV/0! | BY19: =[2]底表!DL19 -> 243 | BZ19: =[2]底表!DM19 -> -0.107 | CA19: =[2]底表!DN19 -> 114 | CB19: =[2]底表!DO19 -> 69 | CC19: =[2]底表!DP19 -> 0.6522 | CD19: =[2]底表!DQ19 -> 131 | CE19: =[2]底表!DR19 -> -0.1298 | CF19: =[2]底表!DS19 -> 114 | ... DN19: =[2]底表!FA19 -> -0.3851 | DO19: =[2]底表!BQ19 -> 51 | DP19: =[2]底表!BR19 -> 79 | DQ19: =[2]底表!BS19 -> -0.3544
A20: =[2]底表!A20 -> 排除诈骗及关联犯罪 | B20: =[2]底表!B20 -> 云城区 | C20: =[2]底表!AM20 -> 18 | D20: =[2]底表!AN20 -> 17 | E20: =[2]底表!AO20 -> 0.0588 | F20: =[2]底表!AP20 -> 16 | G20: =[2]底表!AQ20 -> 0.125 | H20: =[2]底表!AR20 -> 0.8182 | I20: =[2]底表!AS20 -> -0.0766 | J20: =[2]底表!AT20 -> 14 | ... AF20: =[2]底表!BP20 -> 0 | AG20: =[2]底表!BT20 -> 32 | AH20: =[2]底表!BU20 -> -0.875 | AI20: =[2]底表!BV20 -> 0.1818 | AJ20: =[2]底表!BW20 -> -0.2919 | AK20: =[2]底表!BX20 -> 0.2857 | AL20: =[2]底表!BY20 -> -0.3143 | AM20: =[2]底表!BZ20 -> 0 | AN20: =[2]底表!CA20 -> 0 | ... BU20: =[2]底表!DH20 -> 0.7273 | BX20: =(BV20-BW20)/BW20 -> #DIV/0! | BY20: =[2]底表!DL20 -> 0 | BZ20: =[2]底表!DM20 -> 持平 | CA20: =[2]底表!DN20 -> 13 | CB20: =[2]底表!DO20 -> 2 | CC20: =[2]底表!DP20 -> 5.5 | CD20: =[2]底表!DQ20 -> 8 | CE20: =[2]底表!DR20 -> 0.625 | CF20: =[2]底表!DS20 -> 13 | ... DN20: =[2]底表!FA20 -> -0.7968 | DO20: =[2]底表!BQ20 -> 4 | DP20: =[2]底表!BR20 -> 9 | DQ20: =[2]底表!BS20 -> -0.5556
A21: =[2]底表!A21 -> 排除诈骗及关联犯罪 | B21: =[2]底表!B21 -> 云安区 | C21: =[2]底表!AM21 -> 23 | D21: =[2]底表!AN21 -> 13 | E21: =[2]底表!AO21 -> 0.7692 | F21: =[2]底表!AP21 -> 10 | G21: =[2]底表!AQ21 -> 1.3 | H21: =[2]底表!AR21 -> 1.0952 | I21: =[2]底表!AS21 -> 0.0119 | J21: =[2]底表!AT21 -> 10 | ... AF21: =[2]底表!BP21 -> 2.3333 | AG21: =[2]底表!BT21 -> 13 | AH21: =[2]底表!BU21 -> -0.6154 | AI21: =[2]底表!BV21 -> 0.2381 | AJ21: =[2]底表!BW21 -> -0.4286 | AK21: =[2]底表!BX21 -> 0.5 | AL21: =[2]底表!BY21 -> -0.3889 | AM21: =[2]底表!BZ21 -> 0 | AN21: =[2]底表!CA21 -> 0 | ... BU21: =[2]底表!DH21 -> 0.2571 | BX21: =(BV21-BW21)/BW21 -> #DIV/0! | BY21: =[2]底表!DL21 -> 0 | BZ21: =[2]底表!DM21 -> 持平 | CA21: =[2]底表!DN21 -> 16 | CB21: =[2]底表!DO21 -> 6 | CC21: =[2]底表!DP21 -> 1.6667 | CD21: =[2]底表!DQ21 -> 14 | CE21: =[2]底表!DR21 -> 0.1429 | CF21: =[2]底表!DS21 -> 16 | ... DN21: =[2]底表!FA21 -> -0.5844 | DO21: =[2]底表!BQ21 -> 5 | DP21: =[2]底表!BR21 -> 8 | DQ21: =[2]底表!BS21 -> -0.375
A22: =[2]底表!A22 -> 排除诈骗及关联犯罪 | B22: =[2]底表!B22 -> 新兴县 | C22: =[2]底表!AM22 -> 28 | D22: =[2]底表!AN22 -> 17 | E22: =[2]底表!AO22 -> 0.6471 | F22: =[2]底表!AP22 -> 34 | G22: =[2]底表!AQ22 -> -0.1765 | H22: =[2]底表!AR22 -> 0.6829 | I22: =[2]底表!AS22 -> 0.0533 | J22: =[2]底表!AT22 -> 15 | ... AF22: =[2]底表!BP22 -> 5 | AG22: =[2]底表!BT22 -> 33 | AH22: =[2]底表!BU22 -> -0.7273 | AI22: =[2]底表!BV22 -> 0.2195 | AJ22: =[2]底表!BW22 -> -0.3731 | AK22: =[2]底表!BX22 -> 0.6 | AL22: =[2]底表!BY22 -> -1.4 | AM22: =[2]底表!BZ22 -> 0 | AN22: =[2]底表!CA22 -> 0 | ... BU22: =[2]底表!DH22 -> -0.0561 | BX22: =(BV22-BW22)/BW22 -> #DIV/0! | BY22: =[2]底表!DL22 -> 39 | BZ22: =[2]底表!DM22 -> -0.1795 | CA22: =[2]底表!DN22 -> 22 | CB22: =[2]底表!DO22 -> 8 | CC22: =[2]底表!DP22 -> 1.75 | CD22: =[2]底表!DQ22 -> 18 | CE22: =[2]底表!DR22 -> 0.2222 | CF22: =[2]底表!DS22 -> 22 | ... DN22: =[2]底表!FA22 -> -0.3826 | DO22: =[2]底表!BQ22 -> 9 | DP22: =[2]底表!BR22 -> 16 | DQ22: =[2]底表!BS22 -> -0.4375
... A24: =[2]底表!A24 -> 排除诈骗及关联犯罪 | B24: =[2]底表!B24 -> 罗定市 | C24: =[2]底表!AM24 -> 46 | D24: =[2]底表!AN24 -> 38 | E24: =[2]底表!AO24 -> 0.2105 | F24: =[2]底表!AP24 -> 54 | G24: =[2]底表!AQ24 -> -0.1481 | H24: =[2]底表!AR24 -> 0.902 | I24: =[2]底表!AS24 -> -0.0724 | J24: =[2]底表!AT24 -> 20 | ... AF24: =[2]底表!BP24 -> 4.8333 | AG24: =[2]底表!BT24 -> 46 | AH24: =[2]底表!BU24 -> -0.5435 | AI24: =[2]底表!BV24 -> 0.4118 | AJ24: =[2]底表!BW24 -> -0.178 | AK24: =[2]底表!BX24 -> 1.05 | AL24: =[2]底表!BY24 -> -0.1 | AM24: =[2]底表!BZ24 -> 0 | AN24: =[2]底表!CA24 -> 0 | ... BU24: =[2]底表!DH24 -> -0.1261 | BX24: =(BV24-BW24)/BW24 -> #DIV/0! | BY24: =[2]底表!DL24 -> 63 | BZ24: =[2]底表!DM24 -> -0.1587 | CA24: =[2]底表!DN24 -> 17 | CB24: =[2]底表!DO24 -> 32 | CC24: =[2]底表!DP24 -> -0.4688 | CD24: =[2]底表!DQ24 -> 41 | CE24: =[2]底表!DR24 -> -0.5854 | CF24: =[2]底表!DS24 -> 17 | ... DN24: =[2]底表!FA24 -> 0.1624 | DO24: =[2]底表!BQ24 -> 21 | DP24: =[2]底表!BR24 -> 23 | DQ24: =[2]底表!BS24 -> -0.087
A25: =[2]底表!A25 -> 盗窃 | B25: =[2]底表!B25 -> 全省 | C25: =[2]底表!AM25 -> 3475 | D25: =[2]底表!AN25 -> 2322 | E25: =[2]底表!AO25 -> 0.4966 | F25: =[2]底表!AP25 -> 5098 | G25: =[2]底表!AQ25 -> -0.3184 | H25: =[2]底表!AR25 -> 0.7647 | I25: =[2]底表!AS25 -> 0.2132 | J25: =[2]底表!AT25 -> 2813 | ... AF25: =[2]底表!BP25 -> 0.7455 | AG25: =[2]底表!BT25 -> 2681 | AH25: =[2]底表!BU25 -> -0.3778 | AI25: =[2]底表!BV25 -> 0.3671 | AJ25: =[2]底表!BW25 -> 0.1015 | AK25: =[2]底表!BX25 -> 0.593 | AL25: =[2]底表!BY25 -> 0.0994 | AM25: =[2]底表!BZ25 -> 20 | AN25: =[2]底表!CA25 -> 31 | ... DN25: =[2]底表!FA25 -> 0.3891 | DO25: =[2]底表!BQ25 -> 1668 | DP25: =[2]底表!BR25 -> 1118 | DQ25: =[2]底表!BS25 -> 0.4919
A26: =[2]底表!A26 -> 盗窃 | B26: =[2]底表!B26 -> 云浮 | C26: =[2]底表!AM26 -> 25 | D26: =[2]底表!AN26 -> 12 | E26: =[2]底表!AO26 -> 1.0833 | F26: =[2]底表!AP26 -> 20 | G26: =[2]底表!AQ26 -> 0.25 | H26: =[2]底表!AR26 -> 0.6579 | I26: =[2]底表!AS26 -> 0.0865 | J26: =[2]底表!AT26 -> 17 | ... AF26: =[2]底表!BP26 -> 多12起 | AG26: =[2]底表!BT26 -> 27 | AH26: =[2]底表!BU26 -> -0.8519 | AI26: =[2]底表!BV26 -> 0.1053 | AJ26: =[2]底表!BW26 -> -0.4662 | AK26: =[2]底表!BX26 -> 0.2353 | AL26: =[2]底表!BY26 -> -0.6878 | AM26: =[2]底表!BZ26 -> 0 | AN26: =[2]底表!CA26 -> 0 | ... DN26: =[2]底表!FA26 -> -0.4474 | DO26: =[2]底表!BQ26 -> 4 | DP26: =[2]底表!BR26 -> 12 | DQ26: =[2]底表!BS26 -> -0.6667
A27: =[2]底表!A27 -> 盗窃 | B27: =[2]底表!B27 -> 云城区 | C27: =[2]底表!AM27 -> 3 | D27: =[2]底表!AN27 -> 1 | E27: =[2]底表!AO27 -> 2 | F27: =[2]底表!AP27 -> 1 | G27: =[2]底表!AQ27 -> 2 | H27: =[2]底表!AR27 -> 0.6 | I27: =[2]底表!AS27 -> 0.1 | J27: =[2]底表!AT27 -> 1 | ... AF27: =[2]底表!BP27 -> 多2起 | AG27: =[2]底表!BT27 -> 11 | AH27: =[2]底表!BU27 -> 少11起 | AI27: =[2]底表!BV27 -> 0 | AJ27: =[2]底表!BW27 -> -1 | AK27: =[2]底表!BX27 -> 0 | AL27: =[2]底表!BY27 -> -1 | AM27: =[2]底表!BZ27 -> 0 | AN27: =[2]底表!CA27 -> 0 | ... DN27: =[2]底表!FA27 -> -1 | DO27: =[2]底表!BQ27 -> 0 | DP27: =[2]底表!BR27 -> 2 | DQ27: =[2]底表!BS27 -> 少2起
A28: =[2]底表!A28 -> 盗窃 | B28: =[2]底表!B28 -> 云安区 | C28: =[2]底表!AM28 -> 2 | D28: =[2]底表!AN28 -> 2 | E28: =[2]底表!AO28 -> 0 | F28: =[2]底表!AP28 -> 1 | G28: =[2]底表!AQ28 -> 1 | H28: =[2]底表!AR28 -> 1 | I28: =[2]底表!AS28 | J28: =[2]底表!AT28 -> 2 | ... AF28: =[2]底表!BP28 -> 持平 | AG28: =[2]底表!BT28 -> 0 | AH28: =[2]底表!BU28 -> 持平 | AI28: =[2]底表!BV28 -> 0 | AJ28: =[2]底表!BW28 | AK28: =[2]底表!BX28 -> 0 | AL28: =[2]底表!BY28 | AM28: =[2]底表!BZ28 -> 0 | AN28: =[2]底表!CA28 -> 0 | ... DN28: =[2]底表!FA28 | DO28: =[2]底表!BQ28 -> 0 | DP28: =[2]底表!BR28 -> 3 | DQ28: =[2]底表!BS28 -> 少3起
A29: =[2]底表!A29 -> 盗窃 | B29: =[2]底表!B29 -> 新兴县 | C29: =[2]底表!AM29 -> 6 | D29: =[2]底表!AN29 -> 1 | E29: =[2]底表!AO29 -> 5 | F29: =[2]底表!AP29 -> 4 | G29: =[2]底表!AQ29 -> 0.5 | H29: =[2]底表!AR29 -> 0.6 | I29: =[2]底表!AS29 -> 0.2667 | J29: =[2]底表!AT29 -> 3 | ... AF29: =[2]底表!BP29 -> 多5起 | AG29: =[2]底表!BT29 -> 6 | AH29: =[2]底表!BU29 -> -0.8333 | AI29: =[2]底表!BV29 -> 0.1 | AJ29: =[2]底表!BW29 -> -0.9 | AK29: =[2]底表!BX29 -> 0.3333 | AL29: =[2]底表!BY29 | AM29: =[2]底表!BZ29 -> 0 | AN29: =[2]底表!CA29 -> 0 | ... DN29: =[2]底表!FA29 -> -0.7 | DO29: =[2]底表!BQ29 -> 1 | DP29: =[2]底表!BR29 -> 3 | DQ29: =[2]底表!BS29 -> -0.6667
A30: =[2]底表!A30 -> 盗窃 | B30: =[2]底表!B30 -> 郁南县 | C30: =[2]底表!AM30 -> 9 | D30: =[2]底表!AN30 -> 2 | E30: =[2]底表!AO30 -> 3.5 | F30: =[2]底表!AP30 -> 1 | G30: =[2]底表!AQ30 -> 8 | H30: =[2]底表!AR30 -> 0.75 | I30: =[2]底表!AS30 -> 0.4167 | J30: =[2]底表!AT30 -> 7 | ... AF30: =[2]底表!BP30 -> 多3起 | AG30: =[2]底表!BT30 -> 3 | AH30: =[2]底表!BU30 -> 少3起 | AI30: =[2]底表!BV30 -> 0 | AJ30: =[2]底表!BW30 -> 0 | AK30: =[2]底表!BX30 -> 0 | AL30: =[2]底表!BY30 -> 0 | AM30: =[2]底表!BZ30 -> 0 | AN30: =[2]底表!CA30 -> 0 | ... DN30: =[2]底表!FA30 -> 0 | DO30: =[2]底表!BQ30 -> 0 | DP30: =[2]底表!BR30 -> 0 | DQ30: =[2]底表!BS30 -> 持平
A31: =[2]底表!A31 -> 盗窃 | B31: =[2]底表!B31 -> 罗定市 | C31: =[2]底表!AM31 -> 5 | D31: =[2]底表!AN31 -> 6 | E31: =[2]底表!AO31 -> -0.1667 | F31: =[2]底表!AP31 -> 13 | G31: =[2]底表!AQ31 -> -0.6154 | H31: =[2]底表!AR31 -> 0.5556 | I31: =[2]底表!AS31 -> -0.0444 | J31: =[2]底表!AT31 -> 4 | ... AF31: =[2]底表!BP31 -> 多2起 | AG31: =[2]底表!BT31 -> 7 | AH31: =[2]底表!BU31 -> -0.5714 | AI31: =[2]底表!BV31 -> 0.3333 | AJ31: =[2]底表!BW31 -> -0.0667 | AK31: =[2]底表!BX31 -> 0.75 | AL31: =[2]底表!BY31 -> 0.1786 | AM31: =[2]底表!BZ31 -> 0 | AN31: =[2]底表!CA31 -> 0 | ... DN31: =[2]底表!FA31 -> 1.7778 | DO31: =[2]底表!BQ31 -> 3 | DP31: =[2]底表!BR31 -> 4 | DQ31: =[2]底表!BS31 -> -0.25
A32: =[2]底表!A32 -> 诈骗及关联犯罪 | B32: =[2]底表!B32 -> 全省 | C32: =[2]底表!AM32 -> 7675 | D32: =[2]底表!AN32 -> 4906 | E32: =[2]底表!AO32 -> 0.5644 | F32: =[2]底表!AP32 -> 20926 | G32: =[2]底表!AQ32 -> -0.6332 | H32: =[2]底表!AR32 -> 0.484 | I32: =[2]底表!AS32 -> 0.2345 | J32: =[2]底表!AT32 -> 9097 | ... AF32: =[2]底表!BP32 -> -0.5583 | AG32: =[2]底表!BT32 -> 2699 | AH32: =[2]底表!BU32 -> -0.4894 | AI32: =[2]底表!BV32 -> 0.0869 | AJ32: =[2]底表!BW32 -> 0.0271 | AK32: =[2]底表!BX32 -> 0.1515 | AL32: =[2]底表!BY32 -> 0.0078 | AM32: =[2]底表!BZ32 -> 14 | AN32: =[2]底表!CA32 -> 7 | ... DN32: =[2]底表!FA32 -> 0.496 | DO32: =[2]底表!BQ32 -> 1378 | DP32: =[2]底表!BR32 -> 1177 | DQ32: =[2]底表!BS32 -> 0.1708
A33: =[2]底表!A33 -> 诈骗及关联犯罪 | B33: =[2]底表!B33 -> 云浮 | C33: =[2]底表!AM33 -> 56 | D33: =[2]底表!AN33 -> 36 | E33: =[2]底表!AO33 -> 0.5556 | F33: =[2]底表!AP33 -> 163 | G33: =[2]底表!AQ33 -> -0.6564 | H33: =[2]底表!AR33 -> 0.5385 | I33: =[2]底表!AS33 -> 0.2678 | J33: =[2]底表!AT33 -> 52 | ... AF33: =[2]底表!BP33 -> -0.5917 | AG33: =[2]底表!BT33 -> 20 | AH33: =[2]底表!BU33 -> -0.4 | AI33: =[2]底表!BV33 -> 0.1154 | AJ33: =[2]底表!BW33 -> -0.0049 | AK33: =[2]底表!BX33 -> 0.2308 | AL33: =[2]底表!BY33 -> -0.0359 | AM33: =[2]底表!BZ33 -> 0 | AN33: =[2]底表!CA33 -> 0 | ... DN33: =[2]底表!FA33 -> 0.8199 | DO33: =[2]底表!BQ33 -> 12 | DP33: =[2]底表!BR33 -> 16 | DQ33: =[2]底表!BS33 -> -0.25
A34: =[2]底表!A34 -> 诈骗及关联犯罪 | B34: =[2]底表!B34 -> 云城区 | C34: =[2]底表!AM34 -> 12 | D34: =[2]底表!AN34 -> 9 | E34: =[2]底表!AO34 -> 0.3333 | F34: =[2]底表!AP34 -> 62 | G34: =[2]底表!AQ34 -> -0.8065 | H34: =[2]底表!AR34 -> 0.4615 | I34: =[2]底表!AS34 -> 0.2365 | J34: =[2]底表!AT34 -> 3 | ... AF34: =[2]底表!BP34 -> -0.7778 | AG34: =[2]底表!BT34 -> 2 | AH34: =[2]底表!BU34 -> 少2起 | AI34: =[2]底表!BV34 -> 0 | AJ34: =[2]底表!BW34 -> -0.1 | AK34: =[2]底表!BX34 -> 0 | AL34: =[2]底表!BY34 -> -0.3636 | AM34: =[2]底表!BZ34 -> 0 | AN34: =[2]底表!CA34 -> 0 | ... DN34: =[2]底表!FA34 -> -1 | DO34: =[2]底表!BQ34 -> 0 | DP34: =[2]底表!BR34 -> 4 | DQ34: =[2]底表!BS34 -> 少4起
A35: =[2]底表!A35 -> 诈骗及关联犯罪 | B35: =[2]底表!B35 -> 云安区 | C35: =[2]底表!AM35 -> 12 | D35: =[2]底表!AN35 -> 8 | E35: =[2]底表!AO35 -> 0.5 | F35: =[2]底表!AP35 -> 3 | G35: =[2]底表!AQ35 -> 3 | H35: =[2]底表!AR35 -> 2.4 | I35: =[2]底表!AS35 -> 0.4 | J35: =[2]底表!AT35 -> 4 | ... AF35: =[2]底表!BP35 -> 9 | AG35: =[2]底表!BT35 -> 0 | AH35: =[2]底表!BU35 -> 多3起 | AI35: =[2]底表!BV35 -> 0.6 | AJ35: =[2]底表!BW35 -> 0.1 | AK35: =[2]底表!BX35 -> 0.75 | AL35: =[2]底表!BY35 -> 0.25 | AM35: =[2]底表!BZ35 -> 0 | AN35: =[2]底表!CA35 -> 0 | ... DN35: =[2]底表!FA35 -> 2.2 | DO35: =[2]底表!BQ35 -> 3 | DP35: =[2]底表!BR35 -> 2 | DQ35: =[2]底表!BS35 -> 0.5
A36: =[2]底表!A36 -> 诈骗及关联犯罪 | B36: =[2]底表!B36 -> 新兴县 | C36: =[2]底表!AM36 -> 12 | D36: =[2]底表!AN36 -> 8 | E36: =[2]底表!AO36 -> 0.5 | F36: =[2]底表!AP36 -> 46 | G36: =[2]底表!AQ36 -> -0.7391 | H36: =[2]底表!AR36 -> 0.3243 | I36: =[2]底表!AS36 -> 0.1081 | J36: =[2]底表!AT36 -> 27 | ... AF36: =[2]底表!BP36 -> -0.6296 | AG36: =[2]底表!BT36 -> 5 | AH36: =[2]底表!BU36 -> -0.4 | AI36: =[2]底表!BV36 -> 0.0811 | AJ36: =[2]底表!BW36 -> -0.0541 | AK36: =[2]底表!BX36 -> 0.1111 | AL36: =[2]底表!BY36 -> -0.152 | AM36: =[2]底表!BZ36 -> 0 | AN36: =[2]底表!CA36 -> 0 | ... DN36: =[2]底表!FA36 -> -0.375 | DO36: =[2]底表!BQ36 -> 3 | DP36: =[2]底表!BR36 -> 5 | DQ36: =[2]底表!BS36 -> -0.4
... A248: =[2]底表!A248 -> 经济 | B248: =[2]底表!B248 -> 罗定市 | C248: =[2]底表!AM248 -> 3 | D248: =[2]底表!AN248 -> 1 | E248: =[2]底表!AO248 -> 2 | F248: =[2]底表!AP248 -> 3 | G248: =[2]底表!AQ248 -> 0 | H248: =[2]底表!AR248 -> 1.5 | I248: =[2]底表!AS248 -> 0.5 | J248: =[2]底表!AT248 -> 1 | ... AF248: =[2]底表!BP248 -> 多3起 | AG248: =[2]底表!BT248 -> 5 | AH248: =[2]底表!BU248 -> -0.6 | AI248: =[2]底表!BV248 -> 1 | AJ248: =[2]底表!BW248 -> -2 | AK248: =[2]底表!BX248 -> 2 | AL248: =[2]底表!BY248 -> -1 | AM248: =[2]底表!BZ248 -> 0 | AN248: =[2]底表!CA248 -> 0 | ... DN248: =[2]底表!FA248 -> -0.625 | DO248: =[2]底表!BQ248 -> 2 | DP248: =[2]底表!BR248 -> 3 | DQ248: =[2]底表!BS248 -> -0.3333
